{
	"id": "tsl-content",
	"title": "Thirsty Sword Lesbians Content",
	"description": "An unofficial content pack containing character sheets, playbooks, and moves from Thirsty Sword Lesbians for the PbtA System",
	"author": "zsilverfox",
	"version": "1.0.4",
	"relationships": {
		"systems": [{
			"id": "pbta",
			"type": "system"
		}]
	},

	"compatibility": {
		"minimum": 10,
		"maximum": 11
	},
	"packs": [{
			"name": "character-sheets",
			"label": "Character Sheets",
			"system": "pbta",
			"path": "packs/character-sheets.db",
			"type": "Actor"
		},
		{
			"name": "expanded-moves",
			"label": "Expanded Moves",
			"system": "pbta",
			"path": "packs/expanded-moves.db",
			"type": "Item"
		},
		{
			"name": "playbooks",
			"label": "TSL Playbooks",
			"system": "pbta",
			"path": "packs/playbooks.db",
			"type": "Item"
		},

		{
			"name": "the-beast-moves",
			"label": "The Beast Moves",
			"system": "pbta",
			"path": "packs/the-beast-moves.db",
			"type": "Item"
		},

		{
			"name": "the-chosen-moves",
			"label": "The Chosen Moves",
			"system": "pbta",
			"path": "packs/the-chosen-moves.db",
			"type": "Item"
		},

		{
			"name": "the-devoted-moves",
			"label": "The Devoted Moves",
			"system": "pbta",
			"path": "packs/the-devoted-moves.db",
			"type": "Item"
		},

		{
			"name": "the-infamous-moves",
			"label": "The Infamous Moves",
			"system": "pbta",
			"path": "packs/the-infamous-moves.db",
			"type": "Item"
		},

		{
			"name": "the-nature-witch-moves",
			"label": "The Nature Witch Moves",
			"system": "pbta",
			"path": "packs/the-nature-witch-moves.db",
			"type": "Item"
		},

		{
			"name": "the-scoundrel-moves",
			"label": "The Scoundrel Moves",
			"system": "pbta",
			"path": "packs/the-scoundrel-moves.db",
			"type": "Item"
		},

		{
			"name": "the-seeker-moves",
			"label": "The Seeker Moves",
			"system": "pbta",
			"path": "packs/the-seeker-moves.db",
			"type": "Item"
		},

		{
			"name": "the-spooky-witch-moves",
			"label": "The Spooky Witch Moves",
			"system": "pbta",
			"path": "packs/the-spooky-witch-moves.db",
			"type": "Item"
		},
		{
			"name": "the-trickster-moves",
			"label": "The Trickster Moves",
			"system": "pbta",
			"path": "packs/the-trickster-moves.db",
			"type": "Item"
		},
		{
			"name": "tools-and-resources",
			"label": "Tools and Resources",
			"system": "pbta",
			"path": "packs/tools-and-resources.db",
			"type": "JournalEntry"
		},
		{
			"name": "universal-moves",
			"label": "Universal Moves",
			"system": "pbta",
			"path": "packs/universal-moves.db",
			"type": "Item"
		}
	],
	"download": "https://github.com/grimmlock/tsl-content/raw/main/tsl-content.zip"	
}
